"col1","col2","col3","col4","col5","col6"
"Art Department

Edit | Quick Edit | Delete | View","—
No description","Focus keyphrase not set","Not available","art-department","93"
"— Art Dept. Assistant

Edit | Quick Edit | Delete | View","—
No description","Focus keyphrase not set","Not available","art-dept-assistant","27"
"— Art Dept. Co-ordinator

Edit | Quick Edit | Delete | View","—
No description","Focus keyphrase not set","Not available","art-dept-co-ordinator","10"
"— Art Dept. Runner

Edit | Quick Edit | Delete | View","—
No description","Focus keyphrase not set","Not available","art-dept-runner","7"
"— Art Director

Edit | Quick Edit | Delete | View","—
No description","Focus keyphrase not set","Not available","art-director","50"
"— Clearance Co-ord

Edit | Quick Edit | Delete | View","—
No description","Focus keyphrase not set","Not available","clearance-co-ord","1"
"— Graphic Artist

Edit | Quick Edit | Delete | View","—
No description","Focus keyphrase not set","Not available","graphic-artist","1"
"— Model Maker

Edit | Quick Edit | Delete | View","—
No description","Focus keyphrase not set","Not available","model-maker","2"
"— Production Designer

Edit | Quick Edit | Delete | View","—
No description","Focus keyphrase not set","Not available","production-designer","35"
"— Props Buyer

Edit | Quick Edit | Delete | View","—
No description","Focus keyphrase not set","Not available","props-buyer","27"
"— Props Maker

Edit | Quick Edit | Delete | View","—
No description","Focus keyphrase not set","Not available","props-maker","5"
"— Props Master

Edit | Quick Edit | Delete | View","—
No description","Focus keyphrase not set","Not available","props-master","5"
"— Sculptor

Edit | Quick Edit | Delete | View","—
No description","Focus keyphrase not set","Not available","sculptor","1"
"— Set Decorator

Edit | Quick Edit | Delete | View","—
No description","Focus keyphrase not set","Not available","set-decorator","11"
"— Set Dresser

Edit | Quick Edit | Delete | View","—
No description","Focus keyphrase not set","Not available","set-dresser","25"
"— Standby Assist

Edit | Quick Edit | Delete | View","—
No description","Focus keyphrase not set","Not available","standby-assist","8"
"— Standby Props

Edit | Quick Edit | Delete | View","—
No description","Focus keyphrase not set","Not available","standby-props","11"
"— Supervising Art Director

Edit | Quick Edit | Delete | View","—
No description","Focus keyphrase not set","Not available","supervising-art-director","2"
"Assistant Director

Edit | Quick Edit | Delete | View","—
No description","Focus keyphrase not set","Not available","assistant-director","98"
"— 1st Assistant Director

Edit | Quick Edit | Delete | View","—
No description","Focus keyphrase not set","Not available","1st-assistant-director","33"
"Assistant Director

Edit | Quick Edit | Delete | View","—
No description","Focus keyphrase not set","Not available","assistant-director","98"
"— 2nd Assistant Director

Edit | Quick Edit | Delete | View","—
No description","Focus keyphrase not set","Not available","2nd-assistant-director","23"
"— 3rd Assistant Director

Edit | Quick Edit | Delete | View","—
No description","Focus keyphrase not set","Not available","3rd-assistant-director","25"
"— Additional AD

Edit | Quick Edit | Delete | View","—
No description","Focus keyphrase not set","Not available","additional-ad","69"
"— TVC 2nd

Edit | Quick Edit | Delete | View","—
No description","Focus keyphrase not set","Not available","tvc-2nd","35"
"Camera

Edit | Quick Edit | Delete | View","—
No description","Focus keyphrase not set","Not available","camera","176"
"— 1st Assistant Camera

Edit | Quick Edit | Delete | View","—
No description","Focus keyphrase not set","Not available","1st-assistant-camera","43"
"— 2nd Assistant Camera

Edit | Quick Edit | Delete | View","—
No description","Focus keyphrase not set","Not available","2nd-assistant-camera","46"
"— Aerials

Edit | Quick Edit | Delete | View","—
No description","Focus keyphrase not set","Not available","aerials","1"
"— Camera Operator

Edit | Quick Edit | Delete | View","—
No description","Focus keyphrase not set","Not available","camera-operator","56"
"— Camera Owner/Op

Edit | Quick Edit | Delete | View","—
No description","Focus keyphrase not set","Not available","camera-owner-op","14"
"— Cinematographer

Edit | Quick Edit | Delete | View","—
No description","Focus keyphrase not set","Not available","cinematographer","57"
"— Data Wrangler

Edit | Quick Edit | Delete | View","—
No description","Focus keyphrase not set","Not available","data-wrangler","40"
"— Digital Imaging Tech

Edit | Quick Edit | Delete | View","—
No description","Focus keyphrase not set","Not available","digital-imaging-tech","3"
"— Documentary

Edit | Quick Edit | Delete | View","—
No description","Focus keyphrase not set","Not available","documentary","6"
"— Drones

Edit | Quick Edit | Delete | View","—
No description","Focus keyphrase not set","Not available","drones","3"
"— Gimbal

Edit | Quick Edit | Delete | View","—
No description","Focus keyphrase not set","Not available","gimbal","8"
"— Motion Control

Edit | Quick Edit | Delete | View","—
No description","Focus keyphrase not set","Not available","motion-control","3"
"— Phantom Operator

Edit | Quick Edit | Delete | View","—
No description","Focus keyphrase not set","Not available","phantom-operator","3"
"— QTake

Edit | Quick Edit | Delete | View","—
No description","Focus keyphrase not set","Not available","qtake","11"
"— Remote Head Operator

Edit | Quick Edit | Delete | View","—
No description","Focus keyphrase not set","Not available","remote-head-operator","4"
"Camera

Edit | Quick Edit | Delete | View","—
No description","Focus keyphrase not set","Not available","camera","176"
"— Remote Head Technician

Edit | Quick Edit | Delete | View","—
No description","Focus keyphrase not set","Not available","remote-head-technician","4"
"— Ronin 4D

Edit | Quick Edit | Delete | View","—
No description","Focus keyphrase not set","Not available","ronin-4d","3"
"— Steadicam

Edit | Quick Edit | Delete | View","—
No description","Focus keyphrase not set","Not available","steadicam","16"
"— Stills Photographer

Edit | Quick Edit | Delete | View","—
No description","Focus keyphrase not set","Not available","stills-photographer","11"
"— Trinity Operator

Edit | Quick Edit | Delete | View","—
No description","Focus keyphrase not set","Not available","trinity-operator","1"
"— Video Van

Edit | Quick Edit | Delete | View","—
No description","Focus keyphrase not set","Not available","video-van","2"
"— Videosplit/Playback

Edit | Quick Edit | Delete | View","—
No description","Focus keyphrase not set","Not available","videosplit-playback","23"
"Casting

Edit | Quick Edit | Delete | View","—
No description","Focus keyphrase not set","Not available","casting","8"
"— Casting Assist

Edit | Quick Edit | Delete | View","—
No description","Focus keyphrase not set","Not available","casting-assist","2"
"— Casting Associate

Edit | Quick Edit | Delete | View","—
No description","Focus keyphrase not set","Not available","casting-associate","0"
"— Casting Consultant

Edit | Quick Edit | Delete | View","—
No description","Focus keyphrase not set","Not available","casting-consultant","3"
"— Casting Director

Edit | Quick Edit | Delete | View","—
No description","Focus keyphrase not set","Not available","casting-director","1"
"— Extras Casting

Edit | Quick Edit | Delete | View","—
No description","Focus keyphrase not set","Not available","extras-casting","8"
"Catering

Edit | Quick Edit | Delete | View","—
No description","Focus keyphrase not set","Not available","catering","12"
"— Caterers

Edit | Quick Edit | Delete | View","—
No description","Focus keyphrase not set","Not available","caterers","12"
"Child Welfare

Edit | Quick Edit | Delete | View","—
No description","Focus keyphrase not set","Not available","child-welfare","13"
"— Chaperone

Edit | Quick Edit | Delete | View","—
No description","Focus keyphrase not set","Not available","chaperone","9"
"— Child Wrangler

Edit | Quick Edit | Delete | View","—
No description","Focus keyphrase not set","Not available","child-wrangler","7"
"Costume

Edit | Quick Edit | Delete | View","—
No description","Focus keyphrase not set","Not available","costume","56"
"— Costume Buyer

Edit | Quick Edit | Delete | View","—
No description","Focus keyphrase not set","Not available","costume-buyer","24"
"Costume

Edit | Quick Edit | Delete | View","—
No description","Focus keyphrase not set","Not available","costume","56"
"— Costume Co-ord

Edit | Quick Edit | Delete | View","—
No description","Focus keyphrase not set","Not available","costume-co-ord","8"
"— Costume Designer

Edit | Quick Edit | Delete | View","—
No description","Focus keyphrase not set","Not available","costume-designer","29"
"— Costume Makers

Edit | Quick Edit | Delete | View","—
No description","Focus keyphrase not set","Not available","costume-makers","4"
"— Costume Standby

Edit | Quick Edit | Delete | View","—
No description","Focus keyphrase not set","Not available","costume-standby","8"
"— Costume Supervisor

Edit | Quick Edit | Delete | View","—
No description","Focus keyphrase not set","Not available","costume-supervisor","7"
"— Stylists

Edit | Quick Edit | Delete | View","—
No description","Focus keyphrase not set","Not available","stylists","31"
"— TVC Wardrobe

Edit | Quick Edit | Delete | View","—
No description","Focus keyphrase not set","Not available","tvc-wardrobe","36"
"— Wardrobe Assistant

Edit | Quick Edit | Delete | View","—
No description","Focus keyphrase not set","Not available","wardrobe-assistant","23"
"Director

Edit | Quick Edit | Delete | View","—
No description","Focus keyphrase not set","Not available","director","23"
"— Director

Edit | Quick Edit | Delete | View","—
No description","Focus keyphrase not set","Not available","director-2","8"
"— Director DOP

Edit | Quick Edit | Delete | View","—
No description","Focus keyphrase not set","Not available","director-dop","2"
"— Directors Assistant

Edit | Quick Edit | Delete | View","—
No description","Focus keyphrase not set","Not available","directors-assistant","13"
"Electrics

Edit | Quick Edit | Delete | View","—
No description","Focus keyphrase not set","Not available","electrics","81"
"— Additional Drama Elex

Edit | Quick Edit | Delete | View","—
No description","Focus keyphrase not set","Not available","additional-drama-elex","58"
"— Gaffer

Edit | Quick Edit | Delete | View","—
No description","Focus keyphrase not set","Not available","gaffer","34"
"— Lighting Assistant

Edit | Quick Edit | Delete | View","—
No description","Focus keyphrase not set","Not available","lighting-assistant","61"
"— Lighting Board Op

Edit | Quick Edit | Delete | View","—
No description","Focus keyphrase not set","Not available","lighting-board-op","1"
"— Riggers (Elex)

Edit | Quick Edit | Delete | View","—
No description","Focus keyphrase not set","Not available","riggers-elex","41"
"— Rigging Gaffer

Edit | Quick Edit | Delete | View","—
No description","Focus keyphrase not set","Not available","rigging-gaffer","8"
"Food Stylists

Edit | Quick Edit | Delete | View","—
No description","Focus keyphrase not set","Not available","food-stylists","1"
"Food Stylists

Edit | Quick Edit | Delete | View","—
No description","Focus keyphrase not set","Not available","food-stylists","1"
"— Food Stylist

Edit | Quick Edit | Delete | View","—
No description","Focus keyphrase not set","Not available","food-stylist","1"
"Graduates

Edit | Quick Edit | Delete | View","—
No description","Focus keyphrase not set","Not available","graduates","67"
"— Graduate Art Department

Edit | Quick Edit | Delete | View","—
No description","Focus keyphrase not set","Not available","graduate-art-department","20"
"— Graduate Assistant Director

Edit | Quick Edit | Delete | View","—
No description","Focus keyphrase not set","Not available","graduate-assistant-director","22"
"— Graduate Camera

Edit | Quick Edit | Delete | View","—
No description","Focus keyphrase not set","Not available","graduate-camera","25"
"— Graduate Costume

Edit | Quick Edit | Delete | View","—
No description","Focus keyphrase not set","Not available","graduate-costume","10"
"— Graduate Director

Edit | Quick Edit | Delete | View","—
No description","Focus keyphrase not set","Not available","graduate-director","20"
"— Graduate Electrics

Edit | Quick Edit | Delete | View","—
No description","Focus keyphrase not set","Not available","graduate-electrics","17"
"— Graduate Grips

Edit | Quick Edit | Delete | View","—
No description","Focus keyphrase not set","Not available","graduate-grips","15"
"— Graduate Hair and Makeup

Edit | Quick Edit | Delete | View","—
No description","Focus keyphrase not set","Not available","graduate-hair-and-makeup","2"
"— Graduate Location

Edit | Quick Edit | Delete | View","—
No description","Focus keyphrase not set","Not available","graduate-location","1"
"— Graduate Post Production

Edit | Quick Edit | Delete | View","—
No description","Focus keyphrase not set","Not available","graduate-post-production","17"
"— Graduate Production

Edit | Quick Edit | Delete | View","—
No description","Focus keyphrase not set","Not available","graduate-production","32"
"— Graduate Script Supervisor

Edit | Quick Edit | Delete | View","—
No description","Focus keyphrase not set","Not available","graduate-script-supervisor","18"
"— Graduate Sound

Edit | Quick Edit | Delete | View","—
No description","Focus keyphrase not set","Not available","graduate-sound","7"
"— Graduate SPFX

Edit | Quick Edit | Delete | View","—
No description","Focus keyphrase not set","Not available","graduate-spfx","1"
"— Graduate Unit

Edit | Quick Edit | Delete | View","—
No description","Focus keyphrase not set","Not available","graduate-unit","12"
"— Graduate Virtual Reality

Edit | Quick Edit | Delete | View","—
No description","Focus keyphrase not set","Not available","graduate-virtual-reality","1"
"— Graduate Visual FX

Edit | Quick Edit | Delete | View","—
No description","Focus keyphrase not set","Not available","graduate-visual-fx","0"
"Grip/Lighting Combo

Edit | Quick Edit | Delete | View","—
No description","Focus keyphrase not set","Not available","grip-lighting-combo","9"
"Grip/Lighting Combo

Edit | Quick Edit | Delete | View","—
No description","Focus keyphrase not set","Not available","grip-lighting-combo","9"
"— Grip/Lighting Combo

Edit | Quick Edit | Delete | View","—
No description","Focus keyphrase not set","Not available","grip-lighting-combo-2","9"
"Grips

Edit | Quick Edit | Delete | View","—
No description","Focus keyphrase not set","Not available","grips","69"
"— Additional Drama Grip

Edit | Quick Edit | Delete | View","—
No description","Focus keyphrase not set","Not available","additional-drama-grip","48"
"— Dolly Grip

Edit | Quick Edit | Delete | View","—
No description","Focus keyphrase not set","Not available","dolly-grip","8"
"— Grip Assistant

Edit | Quick Edit | Delete | View","—
No description","Focus keyphrase not set","Not available","grip-assistant","48"
"— Jib Operators

Edit | Quick Edit | Delete | View","—
No description","Focus keyphrase not set","Not available","jib-operators","1"
"— Key Grip

Edit | Quick Edit | Delete | View","—
No description","Focus keyphrase not set","Not available","key-grip","23"
"— Remote Head Technician (grip)

Edit | Quick Edit | Delete | View","—
No description","Focus keyphrase not set","Not available","remote-head-technician-grip","1"
"— Riggers(Grips)

Edit | Quick Edit | Delete | View","—
No description","Focus keyphrase not set","Not available","riggersgrips","7"
"— Scorpio Crane Tech

Edit | Quick Edit | Delete | View","—
No description","Focus keyphrase not set","Not available","scorpio-crane-tech","3"
"— Swing Tech

Edit | Quick Edit | Delete | View","—
No description","Focus keyphrase not set","Not available","swing-tech","8"
"— Techno Crane

Edit | Quick Edit | Delete | View","—
No description","Focus keyphrase not set","Not available","techno-crane","1"
"— Tracking Veh Driver

Edit | Quick Edit | Delete | View","—
No description","Focus keyphrase not set","Not available","tracking-veh-driver","2"
"— Tracking Vehicles

Edit | Quick Edit | Delete | View","—
No description","Focus keyphrase not set","Not available","tracking-vehicles","5"
"Hair

Edit | Quick Edit | Delete | View","—
No description","Focus keyphrase not set","Not available","hair","18"
"— Hair Assistant

Edit | Quick Edit | Delete | View","—
No description","Focus keyphrase not set","Not available","hair-assistant","1"
"— Hairdresser

Edit | Quick Edit | Delete | View","—
No description","Focus keyphrase not set","Not available","hairdresser","18"
"Location

Edit | Quick Edit | Delete | View","—
No description","Focus keyphrase not set","Not available","location","34"
"— Location Co-Ord

Edit | Quick Edit | Delete | View","—
No description","Focus keyphrase not set","Not available","location-co-ord","13"
"— Location Manager

Edit | Quick Edit | Delete | View","—
No description","Focus keyphrase not set","Not available","location-manager","19"
"Location

Edit | Quick Edit | Delete | View","—
No description","Focus keyphrase not set","Not available","location","34"
"— Location Scouts/Assistant

Edit | Quick Edit | Delete | View","—
No description","Focus keyphrase not set","Not available","location-scouts-assistant","28"
"— On Set Location

Edit | Quick Edit | Delete | View","—
No description","Focus keyphrase not set","Not available","on-set-location","12"
"— Security

Edit | Quick Edit | Delete | View","—
No description","Focus keyphrase not set","Not available","security","2"
"— Traffic Control

Edit | Quick Edit | Delete | View","—
No description","Focus keyphrase not set","Not available","traffic-control","2"
"— Traffic Management

Edit | Quick Edit | Delete | View","—
No description","Focus keyphrase not set","Not available","traffic-management","2"
"Makeup

Edit | Quick Edit | Delete | View","—
No description","Focus keyphrase not set","Not available","makeup","26"
"— Drama Additional

Edit | Quick Edit | Delete | View","—
No description","Focus keyphrase not set","Not available","drama-additional","10"
"— HOD Hair&Makeup

Edit | Quick Edit | Delete | View","—
No description","Focus keyphrase not set","Not available","hod-hairmakeup","14"
"— Makeup Artist

Edit | Quick Edit | Delete | View","—
No description","Focus keyphrase not set","Not available","makeup-artist","26"
"— Makeup Assistant

Edit | Quick Edit | Delete | View","—
No description","Focus keyphrase not set","Not available","makeup-assistant","4"
"— Prosthetics

Edit | Quick Edit | Delete | View","—
No description","Focus keyphrase not set","Not available","prosthetics","3"
"Medical

Edit | Quick Edit | Delete | View","—
No description","Focus keyphrase not set","Not available","medical","82"
"— 1st Aid Certificate

Edit | Quick Edit | Delete | View","—
No description","Focus keyphrase not set","Not available","1st-aid-certificate","70"
"— Covid Co-ord

Edit | Quick Edit | Delete | View","—
No description","Focus keyphrase not set","Not available","covid-co-ord","2"
"— Midwife

Edit | Quick Edit | Delete | View","—
No description","Focus keyphrase not set","Not available","midwife","1"
"— Paramedic

Edit | Quick Edit | Delete | View","—
No description","Focus keyphrase not set","Not available","paramedic","2"
"— Set Nurse

Edit | Quick Edit | Delete | View","—
No description","Focus keyphrase not set","Not available","set-nurse","12"
"Post Production

Edit | Quick Edit | Delete | View","—
No description","Focus keyphrase not set","Not available","post-production","5"
"— Editors

Edit | Quick Edit | Delete | View","—
No description","Focus keyphrase not set","Not available","editors","3"
"— Post Production Supervisor

Edit | Quick Edit | Delete | View","—
No description","Focus keyphrase not set","Not available","post-production-supervisor","2"
"Production

Edit | Quick Edit | Delete | View","—
No description","Focus keyphrase not set","Not available","production","154"
"— Assistant Co-ord

Edit | Quick Edit | Delete | View","—
No description","Focus keyphrase not set","Not available","assistant-co-ord","32"
"— Drama Line Producer

Edit | Quick Edit | Delete | View","—
No description","Focus keyphrase not set","Not available","drama-line-producer","14"
"— Drama Production Co-ord

Edit | Quick Edit | Delete | View","—
No description","Focus keyphrase not set","Not available","drama-production-co-ord","28"
"— Drama Production Manager

Edit | Quick Edit | Delete | View","—
No description","Focus keyphrase not set","Not available","drama-production-manager","20"
"— Driver

Edit | Quick Edit | Delete | View","—
No description","Focus keyphrase not set","Not available","driver","44"
"— Field Prod/Fixer

Edit | Quick Edit | Delete | View","—
No description","Focus keyphrase not set","Not available","field-prod-fixer","1"
"— Prod/Dir/Personal Assistant

Edit | Quick Edit | Delete | View","—
No description","Focus keyphrase not set","Not available","prod-dir-personal-assistant","19"
"",,,,,
"Researchers

Edit | Quick Edit | Delete | View","—
No description","Focus keyphrase not set","Not available","researchers","5"
"— Researchers

Edit | Quick Edit | Delete | View","—
No description","Focus keyphrase not set","Not available","researchers-2","5"
"Script Supervisor

Edit | Quick Edit | Delete | View","—
No description","Focus keyphrase not set","Not available","script-supervisor","15"
"— Script Co-ordinator

Edit | Quick Edit | Delete | View","—
No description","Focus keyphrase not set","Not available","script-co-ordinator","2"
"— Script Supervisor

Edit | Quick Edit | Delete | View","—
No description","Focus keyphrase not set","Not available","script-supervisor-2","14"
"Sound

Edit | Quick Edit | Delete | View","—
No description","Focus keyphrase not set","Not available","sound","33"
"— Boom Operator

Edit | Quick Edit | Delete | View","—
No description","Focus keyphrase not set","Not available","boom-operator","14"
"— Sound Recordist

Edit | Quick Edit | Delete | View","—
No description","Focus keyphrase not set","Not available","sound-recordist","20"
"SPFX

Edit | Quick Edit | Delete | View","—
No description","Focus keyphrase not set","Not available","spfx","6"
"— Spfx Co-ordinator

Edit | Quick Edit | Delete | View","—
No description","Focus keyphrase not set","Not available","spfx-co-ordinator","5"
"— Spfx Supervisor

Edit | Quick Edit | Delete | View","—
No description","Focus keyphrase not set","Not available","spfx-supervisor","1"
"Storyboards

Edit | Quick Edit | Delete | View","—
No description","Focus keyphrase not set","Not available","storyboards","1"
"— Concept Artist

Edit | Quick Edit | Delete | View","—
No description","Focus keyphrase not set","Not available","concept-artist","1"
"— Illustrators

Edit | Quick Edit | Delete | View","—
No description","Focus keyphrase not set","Not available","illustrators","0"
"— Storyboard Artist

Edit | Quick Edit | Delete | View","—
No description","Focus keyphrase not set","Not available","storyboard-artist","1"
"Sustainability

Edit | Quick Edit | Delete | View","—
No description","Focus keyphrase not set","Not available","sustainability","5"
"— Sustainability Co-ords

Edit | Quick Edit | Delete | View","—
No description","Focus keyphrase not set","Not available","sustainability-co-ords","5"
"Transport

Edit | Quick Edit | Delete | View","—
No description","Focus keyphrase not set","Not available","transport","4"
"— Swing Captain

Edit | Quick Edit | Delete | View","—
No description","Focus keyphrase not set","Not available","swing-captain","1"
"— Transport Co-ord

Edit | Quick Edit | Delete | View","—
No description","Focus keyphrase not set","Not available","transport-co-ord","2"
"— Transport Manager

Edit | Quick Edit | Delete | View","—
No description","Focus keyphrase not set","Not available","transport-manager","3"
"Underwater

Edit | Quick Edit | Delete | View","—
No description","Focus keyphrase not set","Not available","underwater","6"
"— Diving Certificate

Edit | Quick Edit | Delete | View","—
No description","Focus keyphrase not set","Not available","diving-certificate","4"
"— Underwater Camera

Edit | Quick Edit | Delete | View","—
No description","Focus keyphrase not set","Not available","underwater-camera","3"
"— Underwater Electrics

Edit | Quick Edit | Delete | View","—
No description","Focus keyphrase not set","Not available","underwater-electrics","2"
"— Underwater Grip

Edit | Quick Edit | Delete | View","—
No description","Focus keyphrase not set","Not available","underwater-grip","1"
"Unit

Edit | Quick Edit | Delete | View","—
No description","Focus keyphrase not set","Not available","unit","41"
"— Greenroom Bus

Edit | Quick Edit | Delete | View","—
No description","Focus keyphrase not set","Not available","greenroom-bus","4"
"— Makeup Bus

Edit | Quick Edit | Delete | View","—
No description","Focus keyphrase not set","Not available","makeup-bus","2"
"— Makeup/Wardrobe Bus

Edit | Quick Edit | Delete | View","—
No description","Focus keyphrase not set","Not available","makeup-wardrobe-bus","4"
"— Portable Toilets

Edit | Quick Edit | Delete | View","—
No description","Focus keyphrase not set","Not available","portable-toilets","3"
"— Production Bus

Edit | Quick Edit | Delete | View","—
No description","Focus keyphrase not set","Not available","production-bus","4"
"— Unit Assistant

Edit | Quick Edit | Delete | View","—
No description","Focus keyphrase not set","Not available","unit-assistant","24"
"— Unit Manager

Edit | Quick Edit | Delete | View","—
No description","Focus keyphrase not set","Not available","unit-manager","22"
"— Wardrobe Bus

Edit | Quick Edit | Delete | View","—
No description","Focus keyphrase not set","Not available","wardrobe-bus","4"
"Vehicle Support

Edit | Quick Edit | Delete | View","—
No description","Focus keyphrase not set","Not available","vehicle-support","4"
"— Vehicle Co-ordinators

Edit | Quick Edit | Delete | View","—
No description","Focus keyphrase not set","Not available","vehicle-co-ordinators","1"
"— Vehicle Supervisor

Edit | Quick Edit | Delete | View","—
No description","Focus keyphrase not set","Not available","vehicle-supervisor","3"
"— Vehicle Transport

Edit | Quick Edit | Delete | View","—
No description","Focus keyphrase not set","Not available","vehicle-transport","3"
"Virtual Reality

Edit | Quick Edit | Delete | View","—
No description","Focus keyphrase not set","Not available","virtual-reality","0"
"— Virtual Reality Producer

Edit | Quick Edit | Delete | View","—
No description","Focus keyphrase not set","Not available","virtual-reality-producer","0"
"Visual FX

Edit | Quick Edit | Delete | View","—
No description","Focus keyphrase not set","Not available","visual-fx","6"
"— Visual FX Co-ordinator

Edit | Quick Edit | Delete | View","—
No description","Focus keyphrase not set","Not available","visual-fx-co-ordinator","3"
"— Visual FX Data Wrangler

Edit | Quick Edit | Delete | View","—
No description","Focus keyphrase not set","Not available","visual-fx-data-wrangler","0"
"— Visual FX Prod Mgr

Edit | Quick Edit | Delete | View","—
No description","Focus keyphrase not set","Not available","visual-fx-prod-mgr","2"
"— Visual FX Supervisor

Edit | Quick Edit | Delete | View","—
No description","Focus keyphrase not set","Not available","visual-fx-supervisor","3"
"Writer

Edit | Quick Edit | Delete | View","—
No description","Focus keyphrase not set","Not available","writer","1"
"— Writer

Edit | Quick Edit | Delete | View","—
No description","Focus keyphrase not set","Not available","writer-2","1"